{
  "r2": 0.6088979764344317,
  "rmse": 3.089156741733877e-05,
  "mae": 1.9922500000000018e-05
}